GEMEENTE,PROVINCIE
Appingedam,Groningen
Bedum,Groningen
Bellingwedde,Groningen
Ten Boer,Groningen
Delfzijl,Groningen
Eemsmond,Groningen
Groningen,Groningen
Grootegast,Groningen
Haren,Groningen
Hoogezand-Sappemeer,Groningen
Leek,Groningen
Loppersum,Groningen
De Marne,Groningen
Marum,Groningen
Menterwolde,Groningen
Pekela,Groningen
Reiderland,Groningen
Scheemda,Groningen
Slochteren,Groningen
Stadskanaal,Groningen
Veendam,Groningen
Vlagtwedde,Groningen
Winschoten,Groningen
Winsum,Groningen
Zuidhorn,Groningen
Achtkarspelen,Friesland
Ameland,Friesland
het Bildt,Friesland
Boarnsterhim,Friesland
Bolsward,Friesland
Dantumadeel,Friesland
Dongeradeel,Friesland
Ferwerderadiel,Friesland
Franekeradeel,Friesland
Gaasterlân-Sleat,Friesland
Harlingen,Friesland
Heerenveen,Friesland
Kollumerland en Nieuwkruisland,Friesland
Leeuwarden,Friesland
Leeuwarderadeel,Friesland
Lemsterland,Friesland
Littenseradiel,Friesland
Menaldumadeel,Friesland
Nijefurd,Friesland
Ooststellingwerf,Friesland
Opsterland,Friesland
Schiermonnikoog,Friesland
Skarsterlân,Friesland
Smallingerland,Friesland
Sneek,Friesland
Terschelling,Friesland
Tytsjerksteradiel,Friesland
Vlieland,Friesland
Weststellingwerf,Friesland
Wûnseradiel,Friesland
Wymbritseradiel,Friesland
Aa en Hunze,Drenthe
Assen,Drenthe
Borger-Odoorn,Drenthe
Coevorden,Drenthe
Emmen,Drenthe
Hoogeveen,Drenthe
Meppel,Drenthe
Midden-Drenthe,Drenthe
Noordenveld,Drenthe
Tynaarlo,Drenthe
Westerveld,Drenthe
De Wolden,Drenthe
Almelo,Overijssel
Borne,Overijssel
Dalfsen,Overijssel
Deventer,Overijssel
Dinkelland,Overijssel
Enschede,Overijssel
Haaksbergen,Overijssel
Hardenberg,Overijssel
Hellendoorn,Overijssel
Hengelo,Overijssel
Hof van Twente,Overijssel
Kampen,Overijssel
Losser,Overijssel
Oldenzaal,Overijssel
Olst-Wijhe,Overijssel
Ommen,Overijssel
Raalte,Overijssel
Rijssen-Holten,Overijssel
Staphorst,Overijssel
Steenwijkerland,Overijssel
Tubbergen,Overijssel
Twenterand,Overijssel
Wierden,Overijssel
Zwartewaterland,Overijssel
Zwolle,Overijssel
Almere,Flevoland
Dronten,Flevoland
Lelystad,Flevoland
Noordoostpolder,Flevoland
Urk,Flevoland
Zeewolde,Flevoland
Aalten,Gelderland
Apeldoorn,Gelderland
Arnhem,Gelderland
Barneveld,Gelderland
Berkelland,Gelderland
Beuningen,Gelderland
Bronckhorst,Gelderland
Brummen,Gelderland
Buren,Gelderland
Culemborg,Gelderland
Doesburg,Gelderland
Doetinchem,Gelderland
Druten,Gelderland
Duiven,Gelderland
Ede,Gelderland
Elburg,Gelderland
Epe,Gelderland
Ermelo,Gelderland
Geldermalsen,Gelderland
Groenlo,Gelderland
Groesbeek,Gelderland
Harderwijk,Gelderland
Hattem,Gelderland
Heerde,Gelderland
Heumen,Gelderland
Lingewaal,Gelderland
Lingewaard,Gelderland
Lochem,Gelderland
Maasdriel,Gelderland
Millingen aan de Rijn,Gelderland
Montferland,Gelderland
Neder-Betuwe,Gelderland
Neerijnen,Gelderland
Nijkerk,Gelderland
Nijmegen,Gelderland
Nunspeet,Gelderland
Oldebroek,Gelderland
Oude IJsselstreek,Gelderland
Overbetuwe,Gelderland
Putten,Gelderland
Renkum,Gelderland
Rheden,Gelderland
Rijnwaarden,Gelderland
Rozendaal,Gelderland
Scherpenzeel,Gelderland
Tiel,Gelderland
Ubbergen,Gelderland
Voorst,Gelderland
Wageningen,Gelderland
West Maas en Waal,Gelderland
Westervoort,Gelderland
Wijchen,Gelderland
Winterswijk,Gelderland
Zaltbommel,Gelderland
Zevenaar,Gelderland
Zutphen,Gelderland
Abcoude,Utrecht
Amersfoort,Utrecht
Baarn,Utrecht
De Bilt,Utrecht
Breukelen,Utrecht
Bunnik,Utrecht
Bunschoten,Utrecht
Eemnes,Utrecht
Houten,Utrecht
IJsselstein,Utrecht
Leusden,Utrecht
Loenen,Utrecht
Lopik,Utrecht
Maarssen,Utrecht
Montfoort,Utrecht
Nieuwegein,Utrecht
Oudewater,Utrecht
Renswoude,Utrecht
Rhenen,Utrecht
De Ronde Venen,Utrecht
Soest,Utrecht
Utrecht,Utrecht
Utrechtse Heuvelrug,Utrecht
Veenendaal,Utrecht
Vianen,Utrecht
Wijk bij Duurstede,Utrecht
Woerden,Utrecht
Woudenberg,Utrecht
Zeist,Utrecht
Aalsmeer,Noord-Holland
Alkmaar,Noord-Holland
Amstelveen,Noord-Holland
Amsterdam,Noord-Holland
Andijk,Noord-Holland
Anna Paulowna,Noord-Holland
Beemster,Noord-Holland
Bennebroek,Noord-Holland
Bergen (NH.),Noord-Holland
Beverwijk,Noord-Holland
Blaricum,Noord-Holland
Bloemendaal,Noord-Holland
Bussum,Noord-Holland
Castricum,Noord-Holland
Diemen,Noord-Holland
Drechterland,Noord-Holland
Edam-Volendam,Noord-Holland
Enkhuizen,Noord-Holland
Graft-De Rijp,Noord-Holland
Haarlem,Noord-Holland
Haarlemmerliede en Spaarnwoude,Noord-Holland
Haarlemmermeer,Noord-Holland
Harenkarspel,Noord-Holland
Heemskerk,Noord-Holland
Heemstede,Noord-Holland
Heerhugowaard,Noord-Holland
Heiloo,Noord-Holland
Den Helder,Noord-Holland
Hilversum,Noord-Holland
Hoorn,Noord-Holland
Huizen,Noord-Holland
Landsmeer,Noord-Holland
Langedijk,Noord-Holland
Laren,Noord-Holland
Medemblik,Noord-Holland
Muiden,Noord-Holland
Naarden,Noord-Holland
Niedorp,Noord-Holland
Noorder-Koggenland,Noord-Holland
Obdam,Noord-Holland
Oostzaan,Noord-Holland
Opmeer,Noord-Holland
Ouder-Amstel,Noord-Holland
Purmerend,Noord-Holland
Schagen,Noord-Holland
Schermer,Noord-Holland
Stede Broec,Noord-Holland
Texel,Noord-Holland
Uitgeest,Noord-Holland
Uithoorn,Noord-Holland
Velsen,Noord-Holland
Waterland,Noord-Holland
Weesp,Noord-Holland
Wervershoof,Noord-Holland
Wester-Koggenland,Noord-Holland
Wieringen,Noord-Holland
Wieringermeer,Noord-Holland
Wijdemeren,Noord-Holland
Wognum,Noord-Holland
Wormerland,Noord-Holland
Zaanstad,Noord-Holland
Zandvoort,Noord-Holland
Zeevang,Noord-Holland
Zijpe,Noord-Holland
Ter Aar,Zuid-Holland
Alblasserdam,Zuid-Holland
Albrandswaard,Zuid-Holland
Alkemade,Zuid-Holland
Alphen aan den Rijn,Zuid-Holland
Barendrecht,Zuid-Holland
Bergambacht,Zuid-Holland
Bergschenhoek,Zuid-Holland
Berkel en Rodenrijs,Zuid-Holland
Bernisse,Zuid-Holland
Binnenmaas,Zuid-Holland
Bleiswijk,Zuid-Holland
Bodegraven,Zuid-Holland
Boskoop,Zuid-Holland
Brielle,Zuid-Holland
Capelle aan den IJssel,Zuid-Holland
Cromstrijen,Zuid-Holland
Delft,Zuid-Holland
Dirksland,Zuid-Holland
Dordrecht,Zuid-Holland
Giessenlanden,Zuid-Holland
Goedereede,Zuid-Holland
Gorinchem,Zuid-Holland
Gouda,Zuid-Holland
Graafstroom,Zuid-Holland
's-Gravendeel,Zuid-Holland
's-Gravenhage,Zuid-Holland
Hardinxveld-Giessendam,Zuid-Holland
Hellevoetsluis,Zuid-Holland
Hendrik-Ido-Ambacht,Zuid-Holland
Hillegom,Zuid-Holland
Jacobswoude,Zuid-Holland
Katwijk,Zuid-Holland
Korendijk,Zuid-Holland
Krimpen aan den IJssel,Zuid-Holland
Leerdam,Zuid-Holland
Leiden,Zuid-Holland
Leiderdorp,Zuid-Holland
Leidschendam-Voorburg,Zuid-Holland
Liemeer,Zuid-Holland
Liesveld,Zuid-Holland
Lisse,Zuid-Holland
Maassluis,Zuid-Holland
Middelharnis,Zuid-Holland
Midden-Delfland,Zuid-Holland
Moordrecht,Zuid-Holland
Nederlek,Zuid-Holland
Nieuwerkerk aan den IJssel,Zuid-Holland
Nieuwkoop,Zuid-Holland
Nieuw-Lekkerland,Zuid-Holland
Noordwijk,Zuid-Holland
Noordwijkerhout,Zuid-Holland
Oegstgeest,Zuid-Holland
Oostflakkee,Zuid-Holland
Oud-Beijerland,Zuid-Holland
Ouderkerk,Zuid-Holland
Papendrecht,Zuid-Holland
Pijnacker-Nootdorp,Zuid-Holland
Reeuwijk,Zuid-Holland
Ridderkerk,Zuid-Holland
Rijnwoude,Zuid-Holland
Rijswijk,Zuid-Holland
Rotterdam,Zuid-Holland
Rozenburg,Zuid-Holland
Schiedam,Zuid-Holland
Schoonhoven,Zuid-Holland
Sliedrecht,Zuid-Holland
Spijkenisse,Zuid-Holland
Strijen,Zuid-Holland
Teylingen,Zuid-Holland
Vlaardingen,Zuid-Holland
Vlist,Zuid-Holland
Voorschoten,Zuid-Holland
Waddinxveen,Zuid-Holland
Wassenaar,Zuid-Holland
Westland,Zuid-Holland
Westvoorne,Zuid-Holland
Zederik,Zuid-Holland
Zevenhuizen-Moerkapelle,Zuid-Holland
Zoetermeer,Zuid-Holland
Zoeterwoude,Zuid-Holland
Zwijndrecht,Zuid-Holland
Borsele,Zeeland
Goes,Zeeland
Hulst,Zeeland
Kapelle,Zeeland
Middelburg,Zeeland
Noord-Beveland,Zeeland
Reimerswaal,Zeeland
Schouwen-Duiveland,Zeeland
Sluis,Zeeland
Terneuzen,Zeeland
Tholen,Zeeland
Veere,Zeeland
Vlissingen,Zeeland
Aalburg,Noord-Brabant
Alphen-Chaam,Noord-Brabant
Asten,Noord-Brabant
Baarle-Nassau,Noord-Brabant
Bergeijk,Noord-Brabant
Bergen op Zoom,Noord-Brabant
Bernheze,Noord-Brabant
Best,Noord-Brabant
Bladel,Noord-Brabant
Boekel,Noord-Brabant
Boxmeer,Noord-Brabant
Boxtel,Noord-Brabant
Breda,Noord-Brabant
Cranendonck,Noord-Brabant
Cuijk,Noord-Brabant
Deurne,Noord-Brabant
Dongen,Noord-Brabant
Drimmelen,Noord-Brabant
Eersel,Noord-Brabant
Eindhoven,Noord-Brabant
Etten-Leur,Noord-Brabant
Geertruidenberg,Noord-Brabant
Geldrop-Mierlo,Noord-Brabant
Gemert-Bakel,Noord-Brabant
Gilze en Rijen,Noord-Brabant
Goirle,Noord-Brabant
Grave,Noord-Brabant
Haaren,Noord-Brabant
Halderberge,Noord-Brabant
Heeze-Leende,Noord-Brabant
Helmond,Noord-Brabant
's-Hertogenbosch,Noord-Brabant
Heusden,Noord-Brabant
Hilvarenbeek,Noord-Brabant
Laarbeek,Noord-Brabant
Landerd,Noord-Brabant
Lith,Noord-Brabant
Loon op Zand,Noord-Brabant
Maasdonk,Noord-Brabant
Mill en Sint Hubert,Noord-Brabant
Moerdijk,Noord-Brabant
"Nuenen, Gerwen en Nederwetten",Noord-Brabant
Oirschot,Noord-Brabant
Oisterwijk,Noord-Brabant
Oosterhout,Noord-Brabant
Oss,Noord-Brabant
Reusel-De Mierden,Noord-Brabant
Roosendaal,Noord-Brabant
Rucphen,Noord-Brabant
Schijndel,Noord-Brabant
Sint Anthonis,Noord-Brabant
Sint-Michielsgestel,Noord-Brabant
Sint-Oedenrode,Noord-Brabant
Someren,Noord-Brabant
Son en Breugel,Noord-Brabant
Steenbergen,Noord-Brabant
Tilburg,Noord-Brabant
Uden,Noord-Brabant
Valkenswaard,Noord-Brabant
Veghel,Noord-Brabant
Veldhoven,Noord-Brabant
Vught,Noord-Brabant
Waalre,Noord-Brabant
Waalwijk,Noord-Brabant
Werkendam,Noord-Brabant
Woensdrecht,Noord-Brabant
Woudrichem,Noord-Brabant
Zundert,Noord-Brabant
Ambt Montfort,Limburg
Arcen en Velden,Limburg
Beek,Limburg
Beesel,Limburg
Bergen (L.),Limburg
Brunssum,Limburg
Echt-Susteren,Limburg
Eijsden,Limburg
Gennep,Limburg
Gulpen-Wittem,Limburg
Haelen,Limburg
Heel,Limburg
Heerlen,Limburg
Helden,Limburg
Heythuysen,Limburg
Horst aan de Maas,Limburg
Hunsel,Limburg
Kerkrade,Limburg
Kessel,Limburg
Landgraaf,Limburg
Maasbracht,Limburg
Maasbree,Limburg
Maastricht,Limburg
Margraten,Limburg
Meerlo-Wanssum,Limburg
Meerssen,Limburg
Meijel,Limburg
Mook en Middelaar,Limburg
Nederweert,Limburg
Nuth,Limburg
Onderbanken,Limburg
Roerdalen,Limburg
Roermond,Limburg
Roggel en Neer,Limburg
Schinnen,Limburg
Sevenum,Limburg
Simpelveld,Limburg
Sittard-Geleen,Limburg
Stein,Limburg
Swalmen,Limburg
Thorn,Limburg
Vaals,Limburg
Valkenburg aan de Geul,Limburg
Venlo,Limburg
Venray,Limburg
Voerendaal,Limburg
Weert,Limburg
